"moon","ntraps","nplots","BA","DM","DO","DS","NA.","OL","OT","PB","PE","PF","PH","PL","PM","PP","RF","RM","RO","SF","SH","SO","total","moondate","period","censusdate","year","month"
28,196,4,0,6,0,3,0,1,1,0,0,0,0,0,0,0,0,0,0,0,0,0,11,"1979-09-21",27,"1979-09-22",1979,9
29,196,4,0,6,1,6,1,0,3,0,0,0,0,0,0,1,0,0,0,0,0,0,18,"1979-10-20",28,"1979-10-24",1979,10
30,196,4,0,9,1,4,2,0,3,0,0,0,0,0,0,1,0,2,0,0,0,0,22,"1979-11-19",29,"1979-11-17",1979,11
31,NA,NA,NA,NA,NA,NA,NA,NA,NA,NA,NA,NA,NA,NA,NA,NA,NA,NA,NA,NA,NA,NA,NA,"1979-12-19",NA,NA,1979,12
32,196,4,0,16,1,4,2,5,2,0,0,2,0,0,0,0,0,1,0,0,0,0,33,"1980-01-17",30,"1980-01-15",1980,1
33,196,4,0,4,2,2,1,3,0,0,0,2,0,0,0,0,0,1,0,0,0,0,15,"1980-02-16",31,"1980-02-24",1980,2
34,196,4,0,7,1,7,0,2,0,0,0,1,0,0,0,0,0,0,0,0,0,0,18,"1980-03-16",32,"1980-03-21",1980,3
35,196,4,0,4,1,7,0,3,1,0,0,1,0,0,0,0,0,0,0,0,0,0,17,"1980-04-14",33,"1980-04-17",1980,4
36,196,4,0,4,2,10,2,0,1,0,0,1,0,0,0,0,0,0,0,0,0,0,20,"1980-05-14",34,"1980-05-17",1980,5
37,196,4,0,8,4,11,0,1,2,0,0,1,0,0,0,0,0,0,0,0,0,0,27,"1980-06-12",35,"1980-06-22",1980,6
38,196,4,0,7,4,10,1,0,1,0,0,1,0,0,0,0,0,0,0,0,0,0,24,"1980-07-11",36,"1980-07-21",1980,7
39,196,4,0,7,3,8,1,0,0,0,0,0,0,0,0,0,0,0,0,0,0,0,19,"1980-08-10",37,"1980-08-13",1980,8
40,196,4,0,5,1,8,1,0,3,0,0,0,0,0,0,2,0,0,0,0,0,0,20,"1980-09-09",38,"1980-09-07",1980,9
41,196,4,0,3,1,6,0,2,1,0,0,0,0,0,0,1,0,0,0,0,0,0,14,"1980-10-08",39,"1980-10-11",1980,10
42,196,4,0,5,1,5,0,6,0,0,0,1,0,0,0,0,0,0,0,0,0,0,18,"1980-11-07",40,"1980-11-08",1980,11
43,196,4,0,11,1,4,1,2,4,0,1,1,0,0,0,0,0,0,0,0,0,0,25,"1980-12-07",41,"1980-12-15",1980,12
44,NA,NA,NA,NA,NA,NA,NA,NA,NA,NA,NA,NA,NA,NA,NA,NA,NA,NA,NA,NA,NA,NA,NA,"1981-01-06",42,"1981-01-11",1981,1
45,196,4,0,7,1,4,0,2,0,0,0,0,0,0,0,1,0,0,0,0,0,0,15,"1981-02-04",43,"1981-01-31",1981,2
46,196,4,0,8,1,6,0,0,6,0,0,1,0,0,0,0,0,0,0,0,0,0,22,"1981-03-06",44,"1981-03-08",1981,3
47,NA,NA,NA,NA,NA,NA,NA,NA,NA,NA,NA,NA,NA,NA,NA,NA,NA,NA,NA,NA,NA,NA,NA,"1981-04-04",NA,NA,1981,4
48,196,4,0,9,2,7,0,0,2,0,0,1,0,0,0,0,0,0,0,0,0,0,21,"1981-05-03",45,"1981-05-03",1981,5
49,196,4,0,11,3,10,3,1,2,0,0,2,0,0,0,1,0,0,0,0,0,0,33,"1981-06-02",46,"1981-06-04",1981,6
50,196,4,0,9,2,5,1,0,0,0,0,1,0,0,0,2,0,0,0,0,0,0,20,"1981-07-01",47,"1981-07-07",1981,7
51,196,4,0,7,1,4,1,0,1,0,0,0,0,0,0,1,0,0,0,0,0,0,15,"1981-07-30",48,"1981-07-30",1981,7
52,196,4,0,9,2,3,1,0,0,0,0,0,0,0,0,0,0,0,0,0,0,0,15,"1981-08-29",49,"1981-08-30",1981,8
53,196,4,0,5,0,3,2,0,3,0,1,0,0,0,0,0,0,1,0,0,0,0,15,"1981-09-27",50,"1981-09-29",1981,9
54,196,4,0,8,1,4,2,2,0,0,0,2,0,0,0,0,0,0,0,0,0,0,19,"1981-10-27",51,"1981-10-24",1981,10
55,196,4,0,18,0,3,2,3,2,0,0,0,0,0,0,0,0,1,0,0,0,0,29,"1981-11-26",52,"1981-11-22",1981,11
56,196,4,0,10,0,6,1,1,2,0,0,1,0,0,0,0,0,2,0,0,0,0,23,"1981-12-26",53,"1981-12-30",1981,12
57,196,4,0,16,0,2,2,4,2,0,1,0,0,0,0,0,0,2,0,0,0,0,29,"1982-01-24",54,"1982-01-24",1982,1
58,196,4,0,25,0,5,1,4,2,0,1,0,0,0,0,0,0,8,0,0,0,0,46,"1982-02-23",55,"1982-02-22",1982,2
59,196,4,0,15,1,4,1,1,2,0,1,1,0,0,1,0,0,2,0,0,0,0,29,"1982-03-25",56,"1982-03-29",1982,3
60,196,4,0,10,2,5,1,1,1,0,1,0,0,0,1,1,0,1,0,0,0,0,24,"1982-04-23",57,"1982-04-28",1982,4
61,196,4,0,11,1,4,1,2,1,0,0,0,0,0,0,0,0,1,0,0,0,0,21,"1982-05-22",58,"1982-05-21",1982,5
62,196,4,0,12,1,8,2,3,2,0,1,1,0,0,0,1,0,0,0,0,0,0,31,"1982-06-21",59,"1982-06-28",1982,6
63,196,4,0,17,1,8,3,0,0,0,0,2,0,0,0,1,0,1,0,0,0,0,33,"1982-07-20",60,"1982-07-25",1982,7
64,196,4,0,21,2,6,1,2,1,0,0,4,0,0,0,1,0,1,0,0,0,0,39,"1982-08-18",61,"1982-08-15",1982,8
65,196,4,0,14,1,6,2,4,4,0,0,0,0,0,1,0,0,0,0,0,0,0,32,"1982-09-17",62,"1982-09-18",1982,9
66,NA,NA,NA,NA,NA,NA,NA,NA,NA,NA,NA,NA,NA,NA,NA,NA,NA,NA,NA,NA,NA,NA,NA,"1982-10-16",NA,NA,1982,10
67,196,4,0,17,2,7,2,5,3,0,0,6,0,0,0,0,0,1,0,0,0,0,43,"1982-11-15",63,"1982-11-21",1982,11
68,NA,NA,NA,NA,NA,NA,NA,NA,NA,NA,NA,NA,NA,NA,NA,NA,NA,NA,NA,NA,NA,NA,NA,"1982-12-15",NA,NA,1982,12
69,196,4,0,16,2,8,2,2,0,0,0,3,0,0,1,0,0,5,0,0,0,0,39,"1983-01-13",64,"1983-01-12",1983,1
70,196,4,0,14,3,2,0,2,1,0,0,1,0,0,1,0,0,2,0,0,0,0,26,"1983-02-12",65,"1983-02-26",1983,2
71,196,4,0,17,1,4,0,1,2,0,1,2,0,0,0,0,0,3,0,0,0,0,31,"1983-03-14",66,"1983-03-14",1983,3
72,196,4,0,10,1,8,2,1,0,0,3,3,0,0,1,0,0,1,0,0,0,0,30,"1983-04-13",67,"1983-04-16",1983,4
73,196,4,0,10,1,4,1,0,1,0,2,1,0,0,0,0,0,2,0,0,0,0,22,"1983-05-12",68,"1983-05-14",1983,5
74,196,4,0,10,4,7,1,0,2,0,0,1,0,0,0,0,0,0,0,0,0,0,25,"1983-06-10",69,"1983-06-17",1983,6
75,196,4,0,9,2,2,2,0,2,0,0,0,0,0,0,1,0,0,0,0,0,0,18,"1983-07-10",70,"1983-07-16",1983,7
76,196,4,0,10,2,5,2,0,2,0,0,2,0,0,0,1,0,0,0,0,0,0,24,"1983-08-08",71,"1983-08-15",1983,8
77,196,4,0,11,6,7,5,0,0,0,0,2,0,0,0,0,0,0,0,0,0,0,31,"1983-09-06",72,"1983-09-10",1983,9
78,196,4,0,13,5,6,0,1,3,0,0,1,0,0,0,0,0,1,0,0,0,0,30,"1983-10-06",73,"1983-10-15",1983,10
79,196,4,0,9,1,8,1,0,1,0,0,0,0,0,0,0,0,0,0,0,0,0,20,"1983-11-04",74,"1983-11-12",1983,11
80,196,4,0,9,2,8,2,2,3,0,0,0,0,0,0,0,0,0,0,0,0,0,26,"1983-12-04",75,"1983-12-08",1983,12
81,NA,NA,NA,NA,NA,NA,NA,NA,NA,NA,NA,NA,NA,NA,NA,NA,NA,NA,NA,NA,NA,NA,NA,"1984-01-02",NA,NA,1984,1
82,196,4,0,11,2,3,0,2,0,0,0,0,0,0,0,0,0,2,0,0,0,0,20,"1984-02-01",76,"1984-02-04",1984,2
83,196,4,0,7,3,4,0,1,0,0,0,0,0,0,0,0,0,0,0,0,0,0,15,"1984-03-02",77,"1984-03-12",1984,3
84,196,4,0,4,0,4,1,0,0,0,0,0,0,0,0,0,0,1,0,0,0,0,10,"1984-04-01",78,"1984-04-09",1984,4
85,NA,NA,NA,NA,NA,NA,NA,NA,NA,NA,NA,NA,NA,NA,NA,NA,NA,NA,NA,NA,NA,NA,NA,"1984-04-30",NA,NA,1984,4
86,196,4,0,9,2,1,2,2,0,0,0,0,0,0,0,0,0,0,0,0,0,0,16,"1984-05-30",79,"1984-05-27",1984,5
87,196,4,0,14,3,0,2,2,1,0,0,0,0,0,0,0,0,0,0,0,0,0,22,"1984-06-28",80,"1984-07-03",1984,6
88,196,4,0,8,2,2,3,1,1,0,0,0,0,0,0,0,0,0,0,0,0,0,17,"1984-07-28",81,"1984-07-31",1984,7
89,196,4,0,7,0,0,2,1,1,0,0,0,1,0,0,0,0,0,0,0,0,0,12,"1984-08-26",82,"1984-08-25",1984,8
90,196,4,0,13,1,1,1,2,0,0,0,0,0,0,0,0,0,0,0,0,0,0,18,"1984-09-24",83,"1984-09-29",1984,9
91,196,4,0,15,2,1,1,1,1,0,0,0,0,0,0,0,0,0,0,0,0,0,21,"1984-10-24",84,"1984-10-20",1984,10
92,NA,NA,NA,NA,NA,NA,NA,NA,NA,NA,NA,NA,NA,NA,NA,NA,NA,NA,NA,NA,NA,NA,NA,"1984-11-22",NA,NA,1984,11
93,196,4,0,9,2,0,0,1,2,0,0,0,0,0,1,0,0,0,0,0,0,0,15,"1984-12-22",85,"1984-12-30",1984,12
94,196,4,0,9,2,0,0,2,2,0,0,0,0,0,2,0,0,1,0,0,0,0,18,"1985-01-20",86,"1985-01-19",1985,1
95,196,4,0,9,1,0,0,4,1,0,0,0,0,0,0,0,0,0,0,0,0,0,15,"1985-02-19",87,"1985-02-16",1985,2
96,196,4,0,7,3,0,0,3,0,0,0,0,0,0,0,0,0,1,0,0,0,0,14,"1985-03-21",88,"1985-03-16",1985,3
97,NA,NA,NA,NA,NA,NA,NA,NA,NA,NA,NA,NA,NA,NA,NA,NA,NA,NA,NA,NA,NA,NA,NA,"1985-04-19",NA,NA,1985,4
98,196,4,0,8,3,0,0,1,1,0,0,0,0,0,0,0,0,0,0,0,0,0,13,"1985-05-19",89,"1985-05-23",1985,5
99,196,4,0,11,2,2,0,1,0,0,0,0,0,0,0,0,0,0,0,0,0,0,16,"1985-06-18",90,"1985-06-15",1985,6
100,196,4,0,10,3,2,2,2,2,0,1,0,0,0,0,0,0,0,0,0,0,0,22,"1985-07-17",91,"1985-07-23",1985,7
101,196,4,0,12,3,2,2,2,1,0,0,0,0,0,0,1,0,0,0,0,0,0,23,"1985-08-16",92,"1985-08-19",1985,8
102,196,4,0,13,5,1,1,3,0,0,1,0,0,0,0,1,0,1,0,0,0,0,26,"1985-09-14",93,"1985-09-21",1985,9
103,196,4,0,11,7,3,2,3,2,0,2,0,0,0,0,0,0,0,0,0,0,0,30,"1985-10-13",94,"1985-10-12",1985,10
104,196,4,0,16,6,4,2,1,4,0,3,0,0,0,0,0,0,1,0,0,0,0,37,"1985-11-12",95,"1985-11-16",1985,11
105,196,4,0,13,5,3,1,3,2,0,1,0,0,0,0,0,0,3,0,0,0,0,31,"1985-12-11",96,"1985-12-07",1985,12
106,NA,NA,NA,NA,NA,NA,NA,NA,NA,NA,NA,NA,NA,NA,NA,NA,NA,NA,NA,NA,NA,NA,NA,"1986-01-10",NA,NA,1986,1
107,NA,NA,NA,NA,NA,NA,NA,NA,NA,NA,NA,NA,NA,NA,NA,NA,NA,NA,NA,NA,NA,NA,NA,"1986-02-08",NA,NA,1986,2
108,196,4,0,9,3,4,2,4,1,0,1,0,0,0,0,1,0,1,0,0,0,0,26,"1986-03-10",97,"1986-03-08",1986,3
109,196,4,0,11,2,4,3,4,0,0,0,0,0,0,0,0,0,0,0,0,0,0,24,"1986-04-08",98,"1986-04-12",1986,4
110,196,4,0,11,2,3,1,1,0,0,3,0,0,0,1,0,0,0,0,0,0,0,22,"1986-05-08",99,"1986-05-10",1986,5
111,196,4,0,10,3,1,2,1,0,0,0,0,0,0,0,0,0,0,0,0,0,0,17,"1986-06-07",100,"1986-06-04",1986,6
112,196,4,0,14,4,1,3,1,1,0,0,0,0,0,0,0,0,0,0,0,0,0,24,"1986-07-06",101,"1986-07-03",1986,7
113,196,4,0,12,1,2,3,2,0,0,0,0,0,0,0,0,0,0,0,0,0,0,20,"1986-08-05",102,"1986-08-09",1986,8
114,196,4,0,13,2,2,1,1,0,0,0,0,0,0,0,0,0,0,0,0,0,0,19,"1986-09-04",103,"1986-09-06",1986,9
115,196,4,0,9,3,2,2,2,0,0,1,0,0,0,0,0,0,0,0,0,0,0,19,"1986-10-03",104,"1986-10-04",1986,10
116,196,4,0,12,2,2,0,5,1,0,0,0,0,0,0,0,0,2,0,0,0,0,24,"1986-11-01",105,"1986-11-15",1986,11
117,196,4,0,11,3,2,1,2,0,0,0,0,0,0,1,0,0,2,0,0,0,0,22,"1986-12-01",106,"1986-12-14",1986,12
118,NA,NA,NA,NA,NA,NA,NA,NA,NA,NA,NA,NA,NA,NA,NA,NA,NA,NA,NA,NA,NA,NA,NA,"1986-12-30",NA,NA,1986,12
119,196,4,0,12,2,3,4,2,0,0,2,0,0,0,0,0,0,4,0,0,0,0,29,"1987-01-29",107,"1987-01-31",1987,1
120,196,4,0,11,3,3,0,1,0,0,1,0,0,0,0,0,0,1,0,0,0,0,20,"1987-02-27",108,"1987-03-01",1987,2
121,196,4,0,9,3,2,2,3,0,0,2,0,0,0,0,2,0,2,0,0,0,0,25,"1987-03-29",109,"1987-04-04",1987,3
122,196,4,0,11,1,3,2,2,0,0,3,0,0,0,1,1,0,0,0,0,0,0,24,"1987-04-27",110,"1987-04-25",1987,4
123,196,4,0,10,3,2,2,3,0,0,0,0,0,0,1,1,0,1,0,0,0,0,23,"1987-05-27",111,"1987-05-28",1987,5
124,196,4,0,14,4,3,1,1,0,0,1,0,0,0,1,0,0,2,0,0,0,0,27,"1987-06-25",112,"1987-06-30",1987,6
125,196,4,0,13,4,2,2,2,0,0,1,0,0,0,0,1,0,2,0,0,1,0,28,"1987-07-25",113,"1987-07-25",1987,7
126,196,4,0,12,3,2,2,3,0,0,1,0,0,0,1,0,0,1,0,0,0,0,25,"1987-08-24",114,"1987-08-25",1987,8
127,196,4,0,8,2,2,3,2,1,0,0,0,0,0,1,1,0,1,0,0,0,0,21,"1987-09-22",115,"1987-09-26",1987,9
128,196,4,0,9,2,2,1,1,0,0,4,1,0,0,0,0,0,1,0,0,2,0,23,"1987-10-22",116,"1987-10-24",1987,10
129,196,4,0,12,3,1,2,5,1,0,7,1,0,0,1,0,0,5,0,0,0,0,38,"1987-11-20",117,"1987-11-21",1987,11
130,NA,NA,NA,NA,NA,NA,NA,NA,NA,NA,NA,NA,NA,NA,NA,NA,NA,NA,NA,NA,NA,NA,NA,"1987-12-20",NA,NA,1987,12
131,196,4,0,11,3,1,1,0,1,0,2,0,0,0,1,0,0,3,0,0,1,0,24,"1988-01-18",118,"1988-01-23",1988,1
132,196,4,0,13,2,1,1,1,2,0,2,0,0,0,0,0,0,2,0,0,1,0,25,"1988-02-17",119,"1988-02-21",1988,2
133,196,4,0,15,4,1,1,2,0,0,1,0,0,0,0,1,0,4,0,0,0,0,29,"1988-03-17",120,"1988-03-20",1988,3
134,196,4,0,6,4,1,2,4,2,0,0,1,0,0,0,1,0,1,0,0,1,0,23,"1988-04-16",121,"1988-04-17",1988,4
135,196,4,0,11,3,2,2,0,1,0,0,0,0,0,0,1,0,0,0,0,1,0,21,"1988-05-15",122,"1988-05-14",1988,5
136,196,4,0,10,3,2,2,4,0,0,1,0,0,0,0,1,0,0,0,0,1,0,24,"1988-06-14",123,"1988-06-11",1988,6
137,196,4,0,10,2,2,3,0,3,0,1,0,0,0,0,1,0,0,0,0,1,0,23,"1988-07-13",124,"1988-07-14",1988,7
138,196,4,0,10,4,2,1,0,1,0,1,0,0,0,0,2,0,1,0,0,0,0,22,"1988-08-12",125,"1988-08-09",1988,8
139,196,4,0,9,1,0,2,0,1,0,1,0,0,0,0,2,0,0,0,0,1,0,17,"1988-09-10",126,"1988-09-11",1988,9
140,196,4,0,14,2,1,0,0,1,0,0,0,0,0,0,0,0,0,0,0,0,0,18,"1988-10-10",127,"1988-10-08",1988,10
141,196,4,0,14,1,1,1,1,2,0,3,0,1,0,0,0,0,2,0,0,2,0,28,"1988-11-09",128,"1988-11-05",1988,11
142,196,4,0,14,2,1,0,1,2,0,4,0,0,0,0,0,1,5,0,0,1,0,31,"1988-12-08",129,"1988-12-13",1988,12
143,196,4,0,12,1,1,1,3,0,0,4,0,0,0,0,0,0,3,0,0,3,0,28,"1989-01-07",130,"1989-01-10",1989,1
144,196,4,0,16,1,0,0,2,0,0,5,0,0,0,0,0,0,9,0,0,2,0,35,"1989-02-06",131,"1989-02-04",1989,2
145,196,4,0,9,1,1,1,1,0,0,2,0,0,0,2,0,0,6,0,0,2,0,25,"1989-03-07",132,"1989-03-12",1989,3
146,196,4,0,9,2,1,2,0,1,0,2,0,0,0,0,1,0,4,0,0,1,0,23,"1989-04-05",133,"1989-04-01",1989,4
147,196,4,0,10,2,0,3,1,1,0,1,0,0,0,0,0,0,2,0,0,1,0,21,"1989-05-05",134,"1989-05-09",1989,5
148,196,4,0,12,2,0,1,0,0,0,1,0,0,0,0,0,0,5,0,0,1,0,22,"1989-06-03",135,"1989-06-03",1989,6
149,196,4,0,9,2,0,3,0,2,0,0,0,0,0,0,1,0,2,0,0,1,0,20,"1989-07-02",136,"1989-07-03",1989,7
150,196,4,0,17,2,0,1,0,2,0,0,0,0,0,0,0,0,1,0,0,0,0,23,"1989-08-01",137,"1989-07-29",1989,8
151,196,4,0,8,4,0,1,0,1,0,0,0,0,0,0,0,0,0,0,0,0,0,14,"1989-08-30",138,"1989-09-03",1989,8
152,196,4,0,11,4,1,1,0,2,0,1,1,0,0,0,0,0,1,0,0,1,0,23,"1989-09-29",139,"1989-10-07",1989,9
153,196,4,0,13,5,1,1,0,1,0,2,1,0,0,0,0,0,4,0,1,0,0,29,"1989-10-29",140,"1989-11-04",1989,10
154,196,4,0,17,6,1,1,0,0,0,3,0,0,0,0,0,0,7,0,1,0,0,36,"1989-11-28",141,"1989-12-04",1989,11
155,196,4,0,15,6,2,1,0,0,0,1,0,0,0,0,0,0,1,0,0,0,0,26,"1989-12-27",142,"1990-01-06",1989,12
156,196,4,0,16,5,1,0,0,0,0,0,0,0,0,0,0,0,2,0,0,0,0,24,"1990-01-26",143,"1990-01-29",1990,1
157,196,4,0,20,6,1,1,0,1,0,0,0,0,0,0,0,0,3,0,0,0,0,32,"1990-02-25",144,"1990-02-24",1990,2
158,196,4,0,19,7,1,1,1,1,0,2,0,0,0,0,0,0,2,0,0,0,0,34,"1990-03-26",145,"1990-03-29",1990,3
159,196,4,0,20,8,1,1,0,0,0,0,0,0,0,0,0,0,0,0,2,0,0,32,"1990-04-24",146,"1990-04-24",1990,4
160,196,4,0,17,5,1,1,0,0,0,0,0,0,0,0,0,0,0,0,0,0,0,24,"1990-05-24",147,"1990-05-23",1990,5
161,196,4,0,19,6,1,0,0,0,0,0,0,0,0,0,0,0,0,0,0,0,0,26,"1990-06-22",148,"1990-06-21",1990,6
162,196,4,0,17,4,1,0,1,2,0,0,0,0,0,0,0,0,0,0,0,0,0,25,"1990-07-21",149,"1990-07-21",1990,7
163,196,4,0,17,5,1,0,0,1,0,0,0,0,0,0,0,0,0,0,0,0,0,24,"1990-08-20",150,"1990-08-16",1990,8
164,196,4,0,14,3,0,1,0,0,0,0,0,0,0,0,0,0,0,0,0,0,0,18,"1990-09-18",151,"1990-09-22",1990,9
165,196,4,0,23,3,0,1,0,0,0,0,0,0,0,0,0,0,0,0,0,0,0,27,"1990-10-18",152,"1990-10-15",1990,10
166,196,4,0,20,2,0,1,0,1,0,0,0,0,0,0,0,0,0,0,0,0,0,24,"1990-11-17",153,"1990-11-10",1990,11
167,196,4,0,25,3,0,1,6,2,0,0,0,0,0,0,0,0,1,0,0,0,0,38,"1990-12-16",154,"1990-12-15",1990,12
168,196,4,0,21,3,0,1,1,0,0,0,0,0,0,0,0,0,6,0,0,0,0,32,"1991-01-15",155,"1991-01-11",1991,1
169,196,4,0,22,5,0,0,1,0,0,0,0,0,0,0,0,0,0,0,0,0,0,28,"1991-02-14",156,"1991-02-16",1991,2
170,196,4,0,23,4,0,0,0,0,0,0,0,0,0,0,0,0,1,0,0,0,0,28,"1991-03-16",157,"1991-03-13",1991,3
171,196,4,0,13,5,0,2,0,0,0,1,0,0,0,0,0,0,0,0,0,0,0,21,"1991-04-14",158,"1991-04-19",1991,4
172,196,4,0,12,3,0,1,1,0,0,0,0,0,0,0,2,0,1,0,0,0,0,20,"1991-05-13",159,"1991-05-13",1991,5
173,196,4,0,13,4,0,0,1,0,0,0,0,0,0,0,0,0,0,0,0,0,0,18,"1991-06-12",160,"1991-06-13",1991,6
174,196,4,0,12,3,0,1,0,1,0,0,0,0,0,0,3,0,1,0,0,0,0,21,"1991-07-11",161,"1991-07-12",1991,7
175,196,4,0,15,1,0,0,0,1,0,0,1,0,0,0,2,0,1,0,0,0,0,21,"1991-08-09",162,"1991-08-07",1991,8
176,196,4,0,13,1,0,0,0,2,0,0,1,0,0,0,1,0,0,0,0,0,0,18,"1991-09-08",163,"1991-09-09",1991,9
177,196,4,0,12,2,0,0,0,2,0,2,3,0,0,0,1,0,2,0,0,0,0,24,"1991-10-07",164,"1991-10-10",1991,10
178,196,4,0,16,2,0,0,0,4,0,1,2,0,0,0,0,0,5,0,0,0,0,30,"1991-11-06",165,"1991-11-13",1991,11
179,196,4,0,15,5,0,0,0,4,0,0,1,0,0,0,0,0,2,0,0,0,0,27,"1991-12-05",166,"1991-12-07",1991,12
180,196,4,0,12,2,0,0,1,3,0,0,0,0,0,0,0,0,2,0,0,0,0,20,"1992-01-04",167,"1992-01-08",1992,1
181,196,4,0,14,2,0,0,0,3,0,1,0,0,0,0,0,0,2,0,0,0,0,22,"1992-02-03",168,"1992-02-06",1992,2
182,196,4,0,16,1,0,0,1,0,0,3,0,0,0,0,0,0,3,0,0,0,0,24,"1992-03-04",169,"1992-03-07",1992,3
183,196,4,0,21,1,0,0,1,0,0,1,2,0,0,0,0,0,0,0,0,0,0,26,"1992-04-02",170,"1992-04-04",1992,4
184,196,4,0,17,0,0,0,1,0,0,0,0,0,0,0,0,0,0,0,0,0,0,18,"1992-05-02",171,"1992-05-02",1992,5
185,196,4,0,15,0,1,0,0,0,0,0,0,0,0,0,0,0,0,0,0,0,0,16,"1992-05-31",172,"1992-05-30",1992,5
186,196,4,0,15,0,1,0,0,1,0,0,0,0,0,0,4,0,1,0,0,0,0,22,"1992-06-30",173,"1992-07-03",1992,6
187,196,4,0,10,2,0,0,0,1,0,0,0,0,0,0,3,0,0,0,0,0,0,16,"1992-07-29",174,"1992-07-30",1992,7
188,196,4,0,10,1,1,0,1,2,0,0,1,0,0,0,7,0,0,0,0,0,0,23,"1992-08-27",175,"1992-08-29",1992,8
189,196,4,0,14,1,1,0,0,0,0,0,3,0,0,0,8,0,1,0,0,0,1,29,"1992-09-26",176,"1992-09-26",1992,9
190,196,4,0,16,1,1,0,1,0,0,0,3,0,0,0,1,0,2,0,0,0,0,25,"1992-10-25",177,"1992-10-18",1992,10
191,NA,NA,NA,NA,NA,NA,NA,NA,NA,NA,NA,NA,NA,NA,NA,NA,NA,NA,NA,NA,NA,NA,NA,"1992-11-24",NA,NA,1992,11
192,196,4,0,12,0,1,0,1,0,0,0,0,0,0,0,0,0,0,0,0,0,0,14,"1992-12-23",178,"1992-12-21",1992,12
193,196,4,0,11,0,1,0,1,0,0,0,0,0,0,0,0,0,0,0,0,0,0,13,"1993-01-22",179,"1993-01-23",1993,1
194,196,4,0,10,0,1,0,1,0,0,0,1,0,0,0,0,0,0,0,0,0,0,13,"1993-02-21",180,"1993-02-19",1993,2
195,196,4,0,23,0,1,0,0,1,0,0,1,0,0,0,2,0,0,0,0,0,0,28,"1993-03-23",181,"1993-03-17",1993,3
196,196,4,0,8,0,0,0,0,0,0,0,0,0,0,0,6,0,1,0,0,0,0,15,"1993-04-21",182,"1993-04-23",1993,4
197,196,4,0,10,1,0,0,0,1,0,1,1,0,0,0,1,0,0,0,0,0,0,15,"1993-05-21",183,"1993-05-22",1993,5
198,196,4,0,10,0,0,0,0,0,0,0,0,0,0,0,3,0,0,0,0,0,0,13,"1993-06-19",184,"1993-06-18",1993,6
199,196,4,0,9,0,0,0,0,0,0,0,3,0,0,0,1,0,1,0,0,0,0,14,"1993-07-19",185,"1993-07-14",1993,7
200,196,4,0,12,0,0,0,0,0,0,0,3,0,0,0,2,0,0,0,0,0,0,17,"1993-08-17",186,"1993-08-19",1993,8
201,196,4,0,7,0,0,0,0,0,0,0,2,0,0,0,0,0,0,0,0,0,0,9,"1993-09-15",187,"1993-09-16",1993,9
202,196,4,0,12,0,0,0,0,0,0,0,2,0,0,0,0,0,0,0,0,0,0,14,"1993-10-15",188,"1993-10-15",1993,10
203,196,4,0,11,0,0,1,0,1,0,0,0,0,0,0,0,0,0,0,0,0,0,13,"1993-11-13",189,"1993-11-13",1993,11
204,196,4,0,9,0,0,0,1,0,0,0,0,0,0,0,0,0,1,0,0,0,0,11,"1993-12-13",190,"1993-12-14",1993,12
205,196,4,0,12,0,0,0,0,0,0,0,0,0,0,0,0,0,0,0,0,0,0,12,"1994-01-11",191,"1994-02-01",1994,1
206,196,4,0,17,0,0,0,0,0,0,0,0,0,0,0,0,0,1,0,0,0,0,18,"1994-02-10",192,"1994-02-20",1994,2
207,196,4,0,17,0,0,0,0,2,0,0,0,0,0,0,0,0,0,0,0,0,0,19,"1994-03-12",193,"1994-03-11",1994,3
208,196,4,0,19,0,0,0,0,0,0,0,1,0,0,0,0,0,0,0,0,0,0,20,"1994-04-10",194,"1994-04-10",1994,4
209,196,4,0,14,0,0,0,0,0,0,0,0,0,0,0,0,0,0,0,0,0,0,14,"1994-05-10",195,"1994-05-18",1994,5
210,196,4,0,10,0,0,0,0,0,0,0,1,0,0,0,0,0,0,0,0,0,0,11,"1994-06-09",196,"1994-06-14",1994,6
211,196,4,0,8,0,0,0,0,0,0,0,0,0,0,0,0,0,0,0,0,0,0,8,"1994-07-08",197,"1994-07-08",1994,7
212,196,4,0,8,0,0,0,2,0,0,0,1,0,0,0,0,0,0,0,0,0,0,11,"1994-08-07",198,"1994-08-17",1994,8
213,196,4,0,9,0,0,0,0,0,0,0,0,0,0,0,0,0,0,0,0,0,0,9,"1994-09-05",199,"1994-09-06",1994,9
214,196,4,0,13,0,0,0,0,0,0,0,4,0,0,0,0,0,0,0,0,0,0,17,"1994-10-04",200,"1994-10-12",1994,10
215,196,4,0,11,0,0,0,0,0,0,0,2,0,0,0,0,0,0,0,0,0,0,13,"1994-11-03",201,"1994-11-01",1994,11
216,196,4,0,10,0,0,0,0,0,0,0,0,0,0,0,0,0,0,0,0,0,0,10,"1994-12-02",202,"1994-12-04",1994,12
217,196,4,0,9,0,0,0,0,0,0,0,0,0,0,0,0,0,0,0,0,0,0,9,"1995-01-01",203,"1995-01-11",1995,1
218,196,4,0,10,0,0,0,0,0,0,0,0,0,0,0,0,0,0,0,0,0,0,10,"1995-01-30",204,"1995-02-04",1995,1
219,196,4,0,13,0,0,0,0,0,0,0,1,0,0,0,0,0,1,0,0,0,0,15,"1995-03-01",205,"1995-03-04",1995,3
220,196,4,0,19,0,0,0,0,0,0,0,2,0,0,0,0,0,0,0,0,0,0,21,"1995-03-30",206,"1995-04-01",1995,3
221,196,4,0,17,0,0,0,0,0,0,0,1,0,0,0,0,0,0,0,0,0,0,18,"1995-04-29",207,"1995-04-29",1995,4
222,196,4,0,22,0,0,0,1,0,0,0,0,0,0,0,1,0,0,0,0,0,0,24,"1995-05-29",208,"1995-06-07",1995,5
223,196,4,0,19,0,0,0,0,0,0,0,1,0,0,0,0,0,0,0,0,0,0,20,"1995-06-27",209,"1995-06-27",1995,6
224,196,4,0,23,0,0,0,0,0,0,0,3,0,0,0,1,0,0,0,0,0,0,27,"1995-07-27",210,"1995-07-20",1995,7
225,196,4,0,17,0,0,0,2,1,0,0,2,0,0,0,5,0,0,0,0,0,0,27,"1995-08-25",211,"1995-08-26",1995,8
226,196,4,0,19,1,0,0,0,2,0,0,8,0,0,0,8,0,0,0,0,0,0,38,"1995-09-24",212,"1995-09-23",1995,9
227,196,4,0,20,0,0,0,0,1,0,0,11,0,0,0,5,0,1,0,0,0,0,38,"1995-10-23",213,"1995-10-28",1995,10
228,196,4,0,21,0,0,0,0,1,0,0,6,0,0,0,1,0,1,0,0,0,0,30,"1995-11-22",214,"1995-12-02",1995,11
229,196,4,0,16,0,0,0,0,4,0,0,5,0,0,0,1,0,1,0,0,0,0,27,"1995-12-21",215,"1995-12-21",1995,12
230,196,4,0,23,1,0,0,0,0,0,0,5,0,0,0,0,0,1,0,0,0,0,30,"1996-01-20",216,"1996-01-27",1996,1
231,196,4,0,19,1,0,0,0,0,0,0,7,0,0,1,1,0,0,0,0,0,0,29,"1996-02-18",217,"1996-02-24",1996,2
232,196,4,0,10,2,0,0,0,1,0,0,1,0,0,1,3,0,1,0,0,0,0,19,"1996-03-19",218,"1996-03-23",1996,3
233,196,4,0,25,5,0,0,0,0,0,0,8,0,0,2,2,0,5,0,0,0,0,47,"1996-04-17",219,"1996-04-14",1996,4
234,196,4,0,13,0,0,0,0,0,0,0,2,0,0,0,0,0,0,0,0,0,0,15,"1996-05-17",220,"1996-05-23",1996,5
235,196,4,0,18,3,0,0,1,0,0,0,7,0,0,2,3,0,0,0,0,0,0,34,"1996-06-15",221,"1996-06-13",1996,6
236,196,4,0,12,1,0,0,0,2,0,0,6,0,0,0,2,0,0,0,0,0,0,23,"1996-07-15",222,"1996-07-20",1996,7
237,196,4,0,9,1,0,0,0,0,0,0,2,0,0,0,8,0,0,0,0,0,0,20,"1996-08-14",223,"1996-08-14",1996,8
238,196,4,0,17,2,0,0,0,4,0,0,7,0,0,0,5,0,0,0,0,0,0,35,"1996-09-12",224,"1996-09-21",1996,9
239,196,4,0,19,1,0,0,0,6,0,0,6,0,0,0,2,0,0,0,0,0,0,34,"1996-10-12",225,"1996-10-12",1996,10
240,196,4,0,19,1,0,0,0,2,0,0,7,0,0,1,0,0,1,0,0,0,0,31,"1996-11-10",226,"1996-11-16",1996,11
241,196,4,0,20,2,0,0,0,1,0,0,2,0,0,1,0,0,0,0,0,0,0,26,"1996-12-10",227,"1996-12-18",1996,12
242,NA,NA,NA,NA,NA,NA,NA,NA,NA,NA,NA,NA,NA,NA,NA,NA,NA,NA,NA,NA,NA,NA,NA,"1997-01-08",NA,NA,1997,1
243,196,4,0,36,5,0,0,0,6,0,0,4,0,1,2,0,0,4,0,0,0,0,58,"1997-02-07",228,"1997-02-08",1997,2
244,196,4,0,40,3,0,0,0,4,0,0,6,0,0,2,1,0,5,0,0,0,0,61,"1997-03-08",229,"1997-03-15",1997,3
245,196,4,0,29,3,0,0,0,8,0,0,5,0,0,3,7,0,3,0,0,0,0,58,"1997-04-07",230,"1997-04-12",1997,4
246,196,4,0,25,4,0,0,0,7,1,1,3,0,0,2,7,0,0,0,0,0,0,50,"1997-05-06",231,"1997-05-10",1997,5
247,196,4,0,29,2,0,1,0,5,2,0,4,0,0,3,8,0,0,0,0,0,0,54,"1997-06-05",232,"1997-06-09",1997,6
248,196,4,0,23,5,0,0,0,6,2,0,5,0,0,5,8,0,0,0,0,0,0,54,"1997-07-04",233,"1997-07-09",1997,7
249,196,4,0,22,2,0,2,0,3,1,0,4,0,0,0,4,0,0,0,0,0,0,38,"1997-08-03",234,"1997-07-29",1997,8
250,NA,NA,NA,NA,NA,NA,NA,NA,NA,NA,NA,NA,NA,NA,NA,NA,NA,NA,NA,NA,NA,NA,NA,"1997-09-01",NA,NA,1997,9
251,196,4,0,19,4,0,1,0,7,2,0,3,0,0,4,0,0,0,0,0,0,0,40,"1997-10-01",235,"1997-09-27",1997,10
252,196,4,0,24,2,0,2,0,4,0,0,1,0,0,3,0,0,0,0,0,0,0,36,"1997-10-31",236,"1997-10-25",1997,10
253,196,4,0,24,2,0,0,0,7,0,0,0,0,0,0,0,0,0,0,0,0,0,33,"1997-11-29",237,"1997-11-22",1997,11
254,196,4,0,22,1,0,0,0,9,0,0,0,0,0,0,0,0,0,0,0,0,0,32,"1997-12-29",238,"1997-12-28",1997,12
255,196,4,0,28,2,0,0,0,10,0,0,0,0,0,0,0,0,0,0,0,0,0,40,"1998-01-27",239,"1998-01-31",1998,1
256,196,4,0,31,6,0,0,0,6,0,0,0,0,0,0,0,0,0,0,0,0,0,43,"1998-02-26",240,"1998-03-01",1998,2
257,NA,NA,NA,NA,NA,NA,NA,NA,NA,NA,NA,NA,NA,NA,NA,NA,NA,NA,NA,NA,NA,NA,NA,"1998-03-27",241,"1998-03-29",1998,3
258,196,4,0,20,1,0,0,0,3,0,0,0,0,0,0,2,0,0,0,0,0,0,26,"1998-04-26",242,"1998-05-02",1998,4
259,196,4,0,31,1,0,2,0,0,0,1,0,0,0,2,4,0,0,0,0,0,0,41,"1998-05-25",243,"1998-05-28",1998,5
260,196,4,0,16,2,0,1,0,2,0,1,0,0,0,0,7,0,0,0,0,0,0,29,"1998-06-23",244,"1998-06-27",1998,6
261,196,4,0,16,1,0,0,0,3,2,0,0,0,0,0,6,0,0,0,0,0,0,28,"1998-07-23",245,"1998-07-18",1998,7
262,196,4,0,14,1,0,0,0,2,1,0,1,0,0,1,8,0,0,0,0,0,0,28,"1998-08-21",246,"1998-08-22",1998,8
263,196,4,0,16,4,0,0,0,5,1,0,0,0,0,0,8,0,0,0,0,0,0,34,"1998-09-20",247,"1998-09-19",1998,9
264,196,4,0,17,2,0,0,0,2,1,0,0,0,0,0,1,0,0,0,0,0,0,23,"1998-10-20",248,"1998-10-24",1998,10
265,196,4,0,21,2,0,0,0,2,0,0,0,0,0,0,0,0,0,0,0,0,0,25,"1998-11-18",249,"1998-11-21",1998,11
266,196,4,0,24,0,0,0,0,2,0,0,0,0,0,0,0,0,0,0,0,0,0,26,"1998-12-18",250,"1998-12-22",1998,12
267,196,4,0,23,2,0,1,0,4,0,0,0,0,0,0,0,0,0,0,0,0,0,30,"1999-01-17",251,"1999-01-16",1999,1
268,NA,NA,NA,NA,NA,NA,NA,NA,NA,NA,NA,NA,NA,NA,NA,NA,NA,NA,NA,NA,NA,NA,NA,"1999-02-15",252,"1999-02-20",1999,2
269,196,4,0,19,5,0,0,0,3,0,0,0,0,0,0,0,0,0,0,0,0,0,27,"1999-03-17",253,"1999-03-14",1999,3
270,196,4,0,24,4,0,0,0,1,0,0,0,0,0,0,2,0,0,0,0,0,0,31,"1999-04-15",254,"1999-04-17",1999,4
271,196,4,0,14,3,0,0,0,2,1,0,0,0,0,1,1,0,0,0,0,0,0,22,"1999-05-15",255,"1999-05-15",1999,5
272,196,4,0,11,2,0,0,0,2,1,0,0,0,0,0,3,0,0,0,0,0,0,19,"1999-06-13",256,"1999-06-12",1999,6
273,NA,NA,NA,NA,NA,NA,NA,NA,NA,NA,NA,NA,NA,NA,NA,NA,NA,NA,NA,NA,NA,NA,NA,"1999-07-12",NA,NA,1999,7
274,NA,NA,NA,NA,NA,NA,NA,NA,NA,NA,NA,NA,NA,NA,NA,NA,NA,NA,NA,NA,NA,NA,NA,"1999-08-11",NA,NA,1999,8
275,196,4,0,2,0,0,0,0,0,0,0,0,0,0,0,1,0,0,0,0,0,0,3,"1999-09-09",257,"1999-09-11",1999,9
276,196,4,0,7,1,0,0,0,1,0,0,0,0,0,0,7,0,0,0,0,0,0,16,"1999-10-09",258,"1999-10-09",1999,10
277,196,4,0,14,1,0,0,0,5,0,0,0,0,0,0,11,0,0,0,0,0,0,31,"1999-11-07",259,"1999-11-06",1999,11
278,196,4,0,5,1,0,0,0,1,1,0,0,0,0,0,9,0,0,0,0,0,0,17,"1999-12-07",260,"1999-12-05",1999,12
279,196,4,0,9,2,0,0,0,0,4,0,0,0,0,0,7,0,0,0,0,1,0,23,"2000-01-06",261,"2000-01-08",2000,1
280,196,4,0,7,1,0,0,0,2,7,0,0,0,0,0,7,0,0,0,0,0,0,24,"2000-02-05",262,"2000-02-05",2000,2
281,NA,NA,NA,NA,NA,NA,NA,NA,NA,NA,NA,NA,NA,NA,NA,NA,NA,NA,NA,NA,NA,NA,NA,"2000-03-05",263,"2000-03-04",2000,3
282,NA,NA,NA,NA,NA,NA,NA,NA,NA,NA,NA,NA,NA,NA,NA,NA,NA,NA,NA,NA,NA,NA,NA,"2000-04-04",NA,NA,2000,4
283,196,4,0,12,3,0,0,0,4,3,0,0,0,0,0,7,0,0,0,0,1,0,30,"2000-05-03",264,"2000-04-29",2000,5
284,196,4,0,12,3,0,0,0,0,7,0,0,0,0,0,16,0,0,0,0,0,0,38,"2000-06-02",265,"2000-06-03",2000,6
285,196,4,0,11,1,0,0,0,3,8,0,0,0,0,0,21,0,0,0,0,0,0,44,"2000-07-01",266,"2000-07-01",2000,7
286,NA,NA,NA,NA,NA,NA,NA,NA,NA,NA,NA,NA,NA,NA,NA,NA,NA,NA,NA,NA,NA,NA,NA,"2000-07-30",267,"2000-07-22",2000,7
287,196,4,0,14,0,0,0,0,6,13,0,0,0,0,0,11,0,0,0,0,0,0,44,"2000-08-29",268,"2000-08-25",2000,8
288,196,4,0,17,0,0,0,0,4,7,0,0,0,0,0,0,0,0,0,0,0,0,28,"2000-09-27",269,"2000-09-30",2000,9
289,NA,NA,NA,NA,NA,NA,NA,NA,NA,NA,NA,NA,NA,NA,NA,NA,NA,NA,NA,NA,NA,NA,NA,"2000-10-27",NA,NA,2000,10
290,196,4,0,16,0,0,0,0,6,2,0,0,0,0,0,1,0,0,0,0,0,0,25,"2000-11-25",270,"2000-11-25",2000,11
291,196,4,0,13,0,0,0,0,6,1,0,0,0,0,0,0,0,0,0,0,0,0,20,"2000-12-25",271,"2000-12-22",2000,12
292,NA,NA,NA,NA,NA,NA,NA,NA,NA,NA,NA,NA,NA,NA,NA,NA,NA,NA,NA,NA,NA,NA,NA,"2001-01-24",272,"2001-01-21",2001,1
293,NA,NA,NA,NA,NA,NA,NA,NA,NA,NA,NA,NA,NA,NA,NA,NA,NA,NA,NA,NA,NA,NA,NA,"2001-02-23",273,"2001-03-03",2001,2
294,196,4,0,15,0,0,0,0,3,3,0,1,0,0,0,5,0,0,0,0,0,0,27,"2001-03-24",274,"2001-03-24",2001,3
295,196,4,0,16,1,0,0,0,4,0,0,1,0,0,1,2,0,0,0,0,0,0,25,"2001-04-23",275,"2001-04-21",2001,4
296,196,4,0,24,1,0,2,0,0,2,0,1,0,0,0,5,0,0,0,0,0,0,35,"2001-05-22",276,"2001-05-26",2001,5
297,NA,NA,NA,NA,NA,NA,NA,NA,NA,NA,NA,NA,NA,NA,NA,NA,NA,NA,NA,NA,NA,NA,NA,"2001-06-21",277,"2001-06-25",2001,6
298,NA,NA,NA,NA,NA,NA,NA,NA,NA,NA,NA,NA,NA,NA,NA,NA,NA,NA,NA,NA,NA,NA,NA,"2001-07-20",278,"2001-07-21",2001,7
299,196,4,0,20,0,0,0,0,3,12,1,2,0,0,0,10,0,0,0,0,0,0,48,"2001-08-18",279,"2001-08-25",2001,8
300,196,4,0,21,1,0,0,0,5,10,0,1,0,0,0,8,0,0,0,0,0,0,46,"2001-09-17",280,"2001-09-22",2001,9
301,196,4,0,20,2,0,1,0,7,10,0,5,0,0,0,4,0,0,0,0,0,0,49,"2001-10-16",281,"2001-10-13",2001,10
302,196,4,0,20,6,0,2,0,5,9,0,0,0,0,0,1,0,0,0,0,0,0,43,"2001-11-14",282,"2001-11-17",2001,11
303,NA,NA,NA,NA,NA,NA,NA,NA,NA,NA,NA,NA,NA,NA,NA,NA,NA,NA,NA,NA,NA,NA,NA,"2001-12-14",283,"2001-12-15",2001,12
304,NA,NA,NA,NA,NA,NA,NA,NA,NA,NA,NA,NA,NA,NA,NA,NA,NA,NA,NA,NA,NA,NA,NA,"2002-01-13",284,"2002-01-12",2002,1
305,196,4,0,17,3,0,2,0,2,5,0,0,0,0,0,1,0,0,0,0,0,0,30,"2002-02-12",285,"2002-02-09",2002,2
306,196,4,0,22,7,0,0,0,4,5,0,2,0,0,0,3,0,0,0,0,0,0,43,"2002-03-13",286,"2002-03-13",2002,3
307,196,4,0,17,8,0,1,0,3,5,0,2,0,0,0,7,0,0,0,0,0,0,43,"2002-04-12",287,"2002-04-16",2002,4
308,196,4,0,18,8,0,1,0,0,5,2,1,0,0,0,6,0,0,0,0,0,0,41,"2002-05-12",288,"2002-05-15",2002,5
309,196,4,0,13,7,0,1,0,2,10,1,0,0,0,0,12,0,0,0,0,0,0,46,"2002-06-10",289,"2002-06-15",2002,6
310,196,4,0,11,5,0,0,0,1,11,0,1,0,0,0,19,0,0,0,0,0,0,48,"2002-07-10",290,"2002-07-13",2002,7
311,NA,NA,NA,NA,NA,NA,NA,NA,NA,NA,NA,NA,NA,NA,NA,NA,NA,NA,NA,NA,NA,NA,NA,"2002-08-08",NA,NA,2002,8
312,196,4,0,7,3,0,1,0,0,3,0,0,0,0,0,4,0,0,0,0,0,0,18,"2002-09-06",291,"2002-09-08",2002,9
313,196,4,0,14,2,0,1,0,2,8,0,1,0,0,0,11,0,0,0,0,0,0,39,"2002-10-06",292,"2002-10-05",2002,10
314,196,4,0,13,6,0,0,1,5,11,0,1,0,0,0,8,0,0,0,0,0,0,45,"2002-11-04",293,"2002-11-09",2002,11
315,196,4,0,13,6,0,0,1,4,10,0,1,0,0,0,5,0,0,0,1,0,0,41,"2002-12-04",294,"2002-12-07",2002,12
316,196,4,0,13,5,0,0,0,0,10,0,0,0,0,0,2,0,0,0,1,0,0,31,"2003-01-02",295,"2002-12-29",2003,1
317,196,4,0,19,13,0,0,0,1,14,2,0,0,0,0,5,0,0,0,0,0,0,54,"2003-02-01",296,"2003-02-01",2003,2
318,196,4,0,19,14,0,0,1,1,16,0,2,0,0,0,8,0,0,0,1,0,0,62,"2003-03-02",297,"2003-03-06",2003,3
319,196,4,0,14,13,0,0,0,5,8,1,0,0,0,0,14,0,0,0,3,0,0,58,"2003-04-01",298,"2003-03-29",2003,4
320,196,4,0,14,9,0,0,2,11,12,0,0,0,0,0,14,0,0,0,2,0,0,64,"2003-05-01",299,"2003-05-03",2003,5
321,196,4,0,15,11,0,0,1,8,13,0,3,0,0,0,16,0,0,0,2,0,0,69,"2003-05-30",300,"2003-05-28",2003,5
322,196,4,0,14,9,0,0,0,7,13,0,1,0,0,0,22,0,0,0,0,0,0,66,"2003-06-29",301,"2003-06-28",2003,6
323,196,4,0,11,7,0,1,0,5,10,0,2,0,0,0,22,0,0,0,1,0,0,59,"2003-07-28",302,"2003-07-28",2003,7
324,196,4,0,11,6,1,0,1,6,10,0,1,0,0,0,14,0,0,0,0,0,0,50,"2003-08-27",303,"2003-08-23",2003,8
325,196,4,0,11,8,0,0,1,8,8,1,1,0,0,0,2,0,0,0,0,0,0,40,"2003-09-25",304,"2003-09-27",2003,9
326,196,4,0,12,5,0,0,1,10,6,3,0,0,0,0,1,0,1,0,0,0,0,39,"2003-10-25",305,"2003-10-25",2003,10
327,196,4,0,9,6,0,0,0,3,5,1,0,0,0,0,0,0,0,0,0,0,0,24,"2003-11-23",306,"2003-11-22",2003,11
328,196,4,0,11,6,0,0,0,2,4,0,0,0,0,0,0,0,0,0,0,0,0,23,"2003-12-23",307,"2003-12-20",2003,12
329,196,4,0,10,6,0,0,1,2,1,0,0,0,0,0,0,0,0,0,0,0,0,20,"2004-01-21",308,"2004-01-24",2004,1
330,196,4,0,14,8,0,0,0,0,1,0,0,0,0,0,1,0,0,0,0,0,0,24,"2004-02-20",309,"2004-02-21",2004,2
331,196,4,0,9,1,0,0,0,1,3,0,0,0,0,0,2,0,0,0,0,0,0,16,"2004-03-20",310,"2004-03-17",2004,3
332,NA,NA,NA,NA,NA,NA,NA,NA,NA,NA,NA,NA,NA,NA,NA,NA,NA,NA,NA,NA,NA,NA,NA,"2004-04-19",311,"2004-04-17",2004,4
333,196,4,0,15,8,0,0,0,1,1,0,0,0,0,0,10,0,0,0,0,0,0,35,"2004-05-18",312,"2004-05-17",2004,5
334,NA,NA,NA,NA,NA,NA,NA,NA,NA,NA,NA,NA,NA,NA,NA,NA,NA,NA,NA,NA,NA,NA,NA,"2004-06-17",313,"2004-06-19",2004,6
335,NA,NA,NA,NA,NA,NA,NA,NA,NA,NA,NA,NA,NA,NA,NA,NA,NA,NA,NA,NA,NA,NA,NA,"2004-07-17",314,"2004-07-18",2004,7
336,196,4,0,9,3,0,0,0,1,1,0,0,0,0,0,16,0,0,0,0,0,0,30,"2004-08-15",315,"2004-08-19",2004,8
337,196,4,0,5,3,0,0,0,0,1,0,0,0,0,0,18,0,0,0,0,0,0,27,"2004-09-14",316,"2004-09-11",2004,9
338,196,4,0,8,4,0,0,0,0,6,0,0,0,0,0,12,0,0,0,0,0,0,30,"2004-10-13",317,"2004-10-16",2004,10
339,NA,NA,NA,NA,NA,NA,NA,NA,NA,NA,NA,NA,NA,NA,NA,NA,NA,NA,NA,NA,NA,NA,NA,"2004-11-12",318,"2004-11-13",2004,11
340,196,4,0,14,3,0,0,0,2,5,0,0,0,0,0,3,0,0,0,0,0,0,27,"2004-12-11",319,"2004-12-11",2004,12
341,196,4,0,7,8,0,0,0,1,4,0,0,0,0,0,2,0,0,0,0,0,0,22,"2005-01-10",320,"2005-01-15",2005,1
342,NA,NA,NA,NA,NA,NA,NA,NA,NA,NA,NA,NA,NA,NA,NA,NA,NA,NA,NA,NA,NA,NA,NA,"2005-02-08",NA,NA,2005,2
343,NA,NA,NA,NA,NA,NA,NA,NA,NA,NA,NA,NA,NA,NA,NA,NA,NA,NA,NA,NA,NA,NA,NA,"2005-03-10",321,"2005-03-12",2005,3
344,196,4,0,9,3,0,0,0,1,3,0,0,0,0,0,13,0,0,0,0,0,0,29,"2005-04-08",322,"2005-04-09",2005,4
345,NA,NA,NA,NA,NA,NA,NA,NA,NA,NA,NA,NA,NA,NA,NA,NA,NA,NA,NA,NA,NA,NA,NA,"2005-05-08",323,"2005-05-07",2005,5
346,196,4,0,11,8,0,0,0,2,2,0,0,0,0,0,15,0,0,0,0,0,0,38,"2005-06-06",324,"2005-06-04",2005,6
347,196,4,0,9,4,0,0,0,2,4,0,0,0,0,0,21,0,0,0,0,0,0,40,"2005-07-06",325,"2005-07-09",2005,7
348,196,4,0,9,4,0,0,0,2,4,0,0,0,0,0,27,0,0,0,0,0,0,46,"2005-08-04",326,"2005-08-06",2005,8
349,196,4,0,8,6,0,0,0,5,15,0,0,0,0,0,32,0,0,0,0,0,0,66,"2005-09-03",327,"2005-09-03",2005,9
350,196,4,0,7,5,0,0,2,5,12,0,1,0,0,0,24,0,0,0,0,0,0,56,"2005-10-03",328,"2005-09-30",2005,10
351,196,4,0,12,6,0,0,2,8,12,0,3,0,0,0,11,0,0,0,0,0,0,54,"2005-11-01",329,"2005-11-05",2005,11
352,196,4,0,9,6,0,0,1,5,7,0,0,0,0,0,1,0,0,0,0,0,0,29,"2005-12-01",330,"2005-12-09",2005,12
353,196,4,0,10,9,0,0,0,6,7,0,0,0,0,0,2,0,0,0,0,0,0,34,"2005-12-30",331,"2006-01-07",2005,12
354,196,4,0,10,7,0,0,0,3,4,0,0,0,0,0,2,0,1,0,0,0,0,27,"2006-01-29",332,"2006-01-28",2006,1
355,196,4,0,11,3,0,0,0,1,4,0,1,0,0,0,3,0,0,0,0,0,0,23,"2006-02-27",333,"2006-03-04",2006,2
356,196,4,0,9,2,0,0,0,2,3,0,3,0,0,0,9,0,0,0,0,0,0,28,"2006-03-29",334,"2006-03-25",2006,3
357,196,4,0,14,4,0,0,0,1,2,0,1,0,0,0,22,0,0,0,0,0,0,44,"2006-04-27",335,"2006-04-29",2006,4
358,196,4,0,12,2,0,0,1,2,2,0,1,0,0,0,24,0,0,0,0,0,0,44,"2006-05-26",336,"2006-05-27",2006,5
359,NA,NA,NA,NA,NA,NA,NA,NA,NA,NA,NA,NA,NA,NA,NA,NA,NA,NA,NA,NA,NA,NA,NA,"2006-06-25",337,"2006-06-25",2006,6
360,196,4,0,12,2,0,0,0,0,4,0,1,0,0,0,34,0,0,0,0,0,0,53,"2006-07-24",338,"2006-07-22",2006,7
361,NA,NA,NA,NA,NA,NA,NA,NA,NA,NA,NA,NA,NA,NA,NA,NA,NA,NA,NA,NA,NA,NA,NA,"2006-08-23",339,"2006-08-20",2006,8
362,196,4,0,3,0,0,0,0,0,0,0,0,0,0,0,13,0,0,0,0,0,0,16,"2006-09-22",340,"2006-09-23",2006,9
363,196,4,0,9,0,0,0,0,0,3,0,0,0,0,0,32,0,0,0,0,0,0,44,"2006-10-21",341,"2006-10-21",2006,10
364,196,4,0,8,0,0,0,0,1,10,0,0,0,0,1,47,0,0,0,0,0,0,67,"2006-11-20",342,"2006-11-18",2006,11
365,196,4,0,13,3,0,0,0,1,13,2,0,0,0,0,36,0,0,0,0,2,0,70,"2006-12-20",343,"2006-12-16",2006,12
366,NA,NA,NA,NA,NA,NA,NA,NA,NA,NA,NA,NA,NA,NA,NA,NA,NA,NA,NA,NA,NA,NA,NA,"2007-01-18",344,"2007-01-21",2007,1
367,196,4,0,13,5,0,0,0,2,17,1,0,0,0,0,20,0,1,0,0,5,0,64,"2007-02-17",345,"2007-02-17",2007,2
368,196,4,0,10,9,0,0,0,2,11,1,2,0,0,0,38,0,0,0,0,5,0,78,"2007-03-18",346,"2007-03-17",2007,3
369,196,4,0,11,4,0,0,0,2,15,4,0,0,0,0,28,0,2,0,0,5,0,71,"2007-04-17",347,"2007-04-14",2007,4
370,196,4,0,11,6,0,0,0,7,24,2,1,0,0,2,32,0,0,0,0,3,0,88,"2007-05-16",348,"2007-05-19",2007,5
371,196,4,0,18,13,0,0,0,2,31,0,0,0,0,0,39,0,2,0,0,4,0,109,"2007-06-14",349,"2007-06-16",2007,6
372,196,4,0,15,8,0,0,0,2,34,0,1,0,0,0,49,0,0,0,0,1,0,110,"2007-07-14",350,"2007-07-14",2007,7
373,NA,NA,NA,NA,NA,NA,NA,NA,NA,NA,NA,NA,NA,NA,NA,NA,NA,NA,NA,NA,NA,NA,NA,"2007-08-12",351,"2007-08-11",2007,8
374,196,4,0,17,8,0,0,1,7,21,0,3,0,0,0,34,0,0,0,3,0,0,94,"2007-09-11",352,"2007-09-08",2007,9
375,196,4,2,20,11,0,1,1,6,15,1,2,0,0,2,12,0,1,0,4,0,0,78,"2007-10-10",353,"2007-10-13",2007,10
376,196,4,1,18,14,0,0,3,9,12,0,5,0,1,3,10,0,6,0,0,0,0,82,"2007-11-09",354,"2007-11-10",2007,11
377,196,4,3,21,14,0,0,3,6,7,1,0,0,0,0,0,0,4,0,1,0,0,60,"2007-12-09",355,"2007-12-15",2007,12
378,196,4,0,17,12,0,0,2,3,5,0,0,0,0,0,0,0,3,0,0,0,0,42,"2008-01-08",356,"2008-01-12",2008,1
379,196,4,0,23,11,0,0,1,3,5,0,0,0,0,0,1,0,4,0,1,0,0,49,"2008-02-06",357,"2008-02-09",2008,2
380,196,4,0,20,14,0,0,0,2,6,0,0,0,0,0,2,0,1,0,1,0,0,46,"2008-03-07",358,"2008-03-09",2008,3
381,196,4,2,20,14,0,1,0,4,3,0,0,0,0,0,11,0,3,0,3,0,0,61,"2008-04-05",359,"2008-04-06",2008,4
382,196,4,1,21,21,0,1,2,3,3,0,3,0,1,0,21,0,3,0,4,0,0,84,"2008-05-05",360,"2008-05-03",2008,5
383,196,4,2,23,18,1,0,0,4,1,1,3,0,0,2,18,0,0,0,3,0,0,76,"2008-06-03",361,"2008-06-07",2008,6
384,196,4,1,24,18,1,1,0,3,2,0,5,0,0,1,23,0,1,0,0,0,0,80,"2008-07-02",362,"2008-06-28",2008,7
385,196,4,0,13,11,0,1,0,1,0,0,1,0,0,0,3,0,0,0,1,0,0,31,"2008-08-01",363,"2008-07-26",2008,8
386,196,4,0,9,6,2,0,0,3,1,0,0,0,0,0,13,0,0,0,0,0,0,34,"2008-08-30",364,"2008-08-30",2008,8
387,196,4,0,10,7,0,0,0,3,1,0,1,0,0,0,13,0,0,0,0,0,0,35,"2008-09-29",365,"2008-09-27",2008,9
388,196,4,0,10,7,2,0,0,6,0,0,0,0,0,0,4,0,0,0,0,0,0,29,"2008-10-28",366,"2008-10-26",2008,10
389,196,4,0,16,11,1,0,0,1,2,0,1,0,0,0,0,0,0,0,0,0,0,32,"2008-11-27",367,"2008-11-22",2008,11
390,196,4,0,17,8,2,0,0,1,2,0,0,0,0,0,0,0,0,0,0,0,0,30,"2008-12-27",368,"2008-12-20",2008,12
391,196,4,1,16,11,0,0,1,3,1,0,0,0,0,0,0,0,0,0,0,0,0,33,"2009-01-26",369,"2009-01-24",2009,1
392,196,4,1,17,8,1,0,0,2,1,0,0,0,0,0,0,0,0,0,0,0,0,30,"2009-02-24",370,"2009-02-21",2009,2
393,196,4,0,10,11,0,0,0,2,1,0,0,0,0,0,4,0,0,0,0,0,0,28,"2009-03-26",371,"2009-03-21",2009,3
394,196,4,2,9,9,0,0,0,3,1,0,0,0,0,0,14,0,0,0,1,0,0,39,"2009-04-24",372,"2009-04-26",2009,4
395,196,4,2,11,14,0,0,1,2,2,0,0,0,0,0,12,0,0,0,1,0,0,45,"2009-05-24",373,"2009-05-23",2009,5
396,196,4,1,11,13,0,0,0,1,3,0,0,0,0,0,17,0,0,0,1,0,0,47,"2009-06-22",374,"2009-06-20",2009,6
397,196,4,1,9,9,0,0,0,1,1,0,0,0,0,0,17,0,0,0,0,0,0,38,"2009-07-21",375,"2009-07-29",2009,7
398,196,4,0,8,6,0,0,0,1,0,0,0,0,0,0,4,0,0,0,0,0,0,19,"2009-08-20",376,"2009-08-22",2009,8
399,196,4,0,7,3,2,0,0,1,0,0,0,0,0,0,0,0,0,0,0,0,0,13,"2009-09-18",377,"2009-09-19",2009,9
400,196,4,0,6,1,1,0,0,2,0,0,0,0,0,0,0,0,0,0,0,0,0,10,"2009-10-17",378,"2009-10-17",2009,10
401,196,4,0,6,1,1,0,0,2,0,0,0,0,0,0,0,0,0,0,0,0,0,10,"2009-11-16",379,"2009-11-14",2009,11
402,196,4,0,6,1,1,0,0,1,0,0,0,0,0,0,0,0,0,0,0,0,0,9,"2009-12-16",380,"2009-12-12",2009,12
403,196,4,0,6,0,0,0,0,2,0,0,0,0,0,0,0,0,0,0,0,0,0,8,"2010-01-15",381,"2010-01-16",2010,1
404,196,4,0,7,0,0,0,1,1,0,0,0,0,0,0,0,0,0,0,0,0,0,9,"2010-02-13",382,"2010-02-13",2010,2
405,196,4,0,8,0,0,0,0,0,0,0,0,0,0,0,2,0,0,0,0,0,0,10,"2010-03-15",383,"2010-03-13",2010,3
406,196,4,0,10,0,0,0,0,0,0,0,0,0,0,0,7,0,0,0,0,0,0,17,"2010-04-14",384,"2010-04-17",2010,4
407,196,4,0,13,0,0,0,0,0,0,0,0,0,0,0,7,0,0,0,0,0,0,20,"2010-05-13",385,"2010-05-15",2010,5
408,NA,NA,NA,NA,NA,NA,NA,NA,NA,NA,NA,NA,NA,NA,NA,NA,NA,NA,NA,NA,NA,NA,NA,"2010-06-12",NA,NA,2010,6
409,196,4,0,8,0,0,0,0,1,0,0,0,0,0,0,13,0,0,0,0,0,0,22,"2010-07-11",386,"2010-07-10",2010,7
410,NA,NA,NA,NA,NA,NA,NA,NA,NA,NA,NA,NA,NA,NA,NA,NA,NA,NA,NA,NA,NA,NA,NA,"2010-08-09",NA,NA,2010,8
411,196,4,0,8,1,0,0,0,0,0,0,0,0,0,0,26,0,0,0,0,0,0,35,"2010-09-08",387,"2010-09-05",2010,9
412,NA,NA,NA,NA,NA,NA,NA,NA,NA,NA,NA,NA,NA,NA,NA,NA,NA,NA,NA,NA,NA,NA,NA,"2010-10-07",NA,NA,2010,10
413,196,4,0,9,0,0,0,0,0,0,0,1,0,0,0,6,0,0,0,0,0,0,16,"2010-11-05",388,"2010-11-06",2010,11
414,NA,NA,NA,NA,NA,NA,NA,NA,NA,NA,NA,NA,NA,NA,NA,NA,NA,NA,NA,NA,NA,NA,NA,"2010-12-05",NA,NA,2010,12
415,196,4,0,13,1,0,0,0,2,0,0,0,0,0,0,1,0,0,0,0,0,0,17,"2011-01-04",389,"2011-01-05",2011,1
416,196,4,0,10,0,0,0,0,0,0,0,0,0,0,0,0,0,0,0,0,0,0,10,"2011-02-02",390,"2011-02-05",2011,2
417,196,4,0,14,0,0,0,0,1,0,0,0,0,0,0,0,0,0,0,0,0,0,15,"2011-03-04",391,"2011-03-14",2011,3
418,196,4,0,13,2,0,0,0,0,0,0,1,0,0,0,10,0,0,0,0,0,0,26,"2011-04-03",392,"2011-04-02",2011,4
419,196,4,0,11,0,0,0,0,1,0,0,1,0,0,0,23,0,0,0,0,0,0,36,"2011-05-02",393,"2011-05-07",2011,5
420,NA,NA,NA,NA,NA,NA,NA,NA,NA,NA,NA,NA,NA,NA,NA,NA,NA,NA,NA,NA,NA,NA,NA,"2011-06-01",394,"2011-05-26",2011,6
421,196,4,0,4,0,0,0,0,0,1,0,0,0,0,0,17,0,0,0,0,0,0,22,"2011-07-01",395,"2011-07-02",2011,7
422,196,4,0,9,1,0,0,0,0,0,0,0,0,0,0,29,0,0,0,0,0,0,39,"2011-07-30",396,"2011-08-06",2011,7
423,196,4,0,8,0,0,0,0,0,0,0,0,0,0,0,36,0,0,0,0,0,0,44,"2011-08-28",397,"2011-08-27",2011,8
424,196,4,0,8,0,0,0,0,1,0,0,0,0,0,0,39,0,0,0,0,0,0,48,"2011-09-27",398,"2011-10-01",2011,9
425,196,4,0,6,0,0,0,0,2,0,0,1,0,0,0,40,0,0,0,0,0,0,49,"2011-10-26",399,"2011-10-22",2011,10
426,NA,NA,NA,NA,NA,NA,NA,NA,NA,NA,NA,NA,NA,NA,NA,NA,NA,NA,NA,NA,NA,NA,NA,"2011-11-24",NA,NA,2011,11
427,NA,NA,NA,NA,NA,NA,NA,NA,NA,NA,NA,NA,NA,NA,NA,NA,NA,NA,NA,NA,NA,NA,NA,"2011-12-24",400,"2011-12-17",2011,12
428,196,4,0,19,0,0,0,4,0,0,6,1,0,0,0,2,0,1,0,0,0,0,33,"2012-01-23",401,"2012-01-21",2012,1
429,196,4,0,15,0,0,0,4,0,0,0,3,0,0,0,9,0,1,0,0,0,0,32,"2012-02-21",402,"2012-02-19",2012,2
430,196,4,0,15,0,0,0,2,0,0,2,4,0,0,0,17,0,0,0,0,0,0,40,"2012-03-22",403,"2012-03-12",2012,3
431,196,4,0,16,0,0,0,1,0,0,2,1,0,0,0,27,0,0,0,0,0,0,47,"2012-04-21",404,"2012-04-21",2012,4
432,NA,NA,NA,NA,NA,NA,NA,NA,NA,NA,NA,NA,NA,NA,NA,NA,NA,NA,NA,NA,NA,NA,NA,"2012-05-20",405,"2012-05-26",2012,5
433,196,4,0,25,0,0,0,0,1,0,2,1,0,0,0,48,0,0,0,0,0,0,77,"2012-06-19",406,"2012-06-16",2012,6
434,196,4,0,27,0,0,0,0,1,0,0,0,0,0,0,65,0,0,0,0,0,0,93,"2012-07-18",407,"2012-07-28",2012,7
435,196,4,0,24,0,0,0,0,2,1,0,2,0,0,0,51,0,0,0,0,0,0,80,"2012-08-17",408,"2012-08-18",2012,8
436,196,4,0,20,0,0,0,1,1,1,0,0,0,0,0,33,0,0,0,0,0,0,56,"2012-09-15",409,"2012-09-15",2012,9
437,196,4,0,24,0,0,0,3,4,0,1,0,0,0,0,27,0,0,0,0,0,0,59,"2012-10-15",410,"2012-10-13",2012,10
438,196,4,0,22,0,0,0,0,2,0,0,0,0,0,0,6,0,0,0,0,0,0,30,"2012-11-13",411,"2012-11-10",2012,11
439,196,4,0,26,0,0,0,1,0,0,0,0,0,0,0,1,0,0,0,0,0,0,28,"2012-12-13",412,"2012-12-08",2012,12
440,196,4,0,19,0,0,0,3,3,0,0,0,0,0,0,0,0,0,0,0,0,0,25,"2013-01-11",413,"2013-01-12",2013,1
441,196,4,0,20,0,0,0,1,0,0,0,0,0,0,0,1,0,0,0,0,0,0,22,"2013-02-10",414,"2013-02-16",2013,2
442,196,4,0,20,0,0,0,2,0,0,0,2,0,0,0,2,0,0,0,0,0,0,26,"2013-03-11",415,"2013-03-13",2013,3
443,196,4,2,25,0,0,0,0,0,0,0,0,0,0,0,17,0,0,0,0,0,0,44,"2013-04-10",416,"2013-04-13",2013,4
444,196,4,0,22,0,0,0,2,2,0,0,0,0,0,0,29,0,0,0,0,0,0,55,"2013-05-09",417,"2013-05-11",2013,5
445,NA,NA,NA,NA,NA,NA,NA,NA,NA,NA,NA,NA,NA,NA,NA,NA,NA,NA,NA,NA,NA,NA,NA,"2013-06-08",NA,NA,2013,6
446,196,4,0,19,0,0,0,0,0,0,0,1,0,0,0,33,0,0,0,0,0,0,53,"2013-07-08",418,"2013-07-06",2013,7
447,NA,NA,NA,NA,NA,NA,NA,NA,NA,NA,NA,NA,NA,NA,NA,NA,NA,NA,NA,NA,NA,NA,NA,"2013-08-06",NA,NA,2013,8
448,196,4,0,19,0,0,0,0,0,0,0,0,0,0,0,30,0,0,0,0,0,0,49,"2013-09-05",419,"2013-09-14",2013,9
449,NA,NA,NA,NA,NA,NA,NA,NA,NA,NA,NA,NA,NA,NA,NA,NA,NA,NA,NA,NA,NA,NA,NA,"2013-10-04",NA,NA,2013,10
450,196,4,0,16,0,0,0,1,0,1,0,0,0,0,0,15,0,0,0,0,0,0,33,"2013-11-03",420,"2013-11-02",2013,11
451,NA,NA,NA,NA,NA,NA,NA,NA,NA,NA,NA,NA,NA,NA,NA,NA,NA,NA,NA,NA,NA,NA,NA,"2013-12-02",NA,NA,2013,12
452,196,4,0,21,0,0,0,0,2,1,0,0,0,0,0,1,0,0,0,0,0,0,25,"2014-01-01",421,"2013-12-29",2014,1
453,196,4,0,35,1,0,0,2,0,0,2,0,0,0,0,0,0,0,0,0,0,0,40,"2014-01-30",422,"2014-02-01",2014,1
454,196,4,0,28,2,0,0,0,1,1,3,0,0,0,0,7,0,0,0,1,0,0,43,"2014-03-01",423,"2014-03-01",2014,3
455,196,4,1,29,1,0,0,2,0,1,0,0,0,0,0,17,0,2,0,0,0,0,53,"2014-03-30",424,"2014-03-29",2014,3
456,196,4,0,27,3,0,0,1,2,0,1,0,0,0,0,24,0,0,0,0,0,0,58,"2014-04-28",425,"2014-04-26",2014,4
457,196,4,0,25,1,0,0,1,0,0,1,0,0,0,0,39,0,0,0,0,0,0,67,"2014-05-28",426,"2014-05-31",2014,5
458,196,4,0,23,1,0,0,1,1,0,0,0,0,0,0,58,0,0,0,0,0,0,84,"2014-06-27",427,"2014-06-28",2014,6
459,196,4,0,21,1,0,0,0,2,0,0,0,0,0,0,24,0,0,0,0,0,0,48,"2014-07-26",428,"2014-08-02",2014,7
460,196,4,1,20,1,0,0,1,2,0,0,0,0,0,0,44,0,0,0,0,0,0,69,"2014-08-25",429,"2014-08-30",2014,8
461,196,4,1,19,0,0,0,0,2,1,0,0,0,0,0,27,0,0,0,0,0,0,50,"2014-09-23",430,"2014-09-27",2014,9
462,196,4,0,17,1,0,0,0,5,0,0,0,0,0,0,16,0,0,0,0,0,0,39,"2014-10-23",431,"2014-10-25",2014,10
463,196,4,1,14,1,0,0,4,3,0,2,0,0,0,0,5,0,1,0,0,0,0,31,"2014-11-22",432,"2014-11-22",2014,11
464,NA,NA,NA,NA,NA,NA,NA,NA,NA,NA,NA,NA,NA,NA,NA,NA,NA,NA,NA,NA,NA,NA,NA,"2014-12-21",433,"2014-12-13",2014,12
465,196,4,1,22,3,0,0,4,4,0,0,0,0,0,0,4,0,2,1,1,0,0,42,"2015-01-20",434,"2015-01-17",2015,1
466,196,4,1,25,5,0,0,4,1,0,4,1,0,0,0,9,0,3,2,4,0,0,59,"2015-02-18",435,"2015-02-21",2015,2
467,196,4,6,18,4,0,0,2,1,0,1,0,0,0,0,17,0,9,2,3,0,0,63,"2015-03-20",436,"2015-03-26",2015,3
468,196,4,7,16,7,0,0,2,2,0,3,0,0,0,0,31,0,8,0,2,2,0,80,"2015-04-18",437,"2015-04-18",2015,4
469,196,4,3,21,7,0,0,4,1,0,1,0,0,0,0,24,0,6,0,1,1,0,69,"2015-05-17",438,"2015-05-16",2015,5
470,196,4,8,14,7,0,0,2,2,0,3,1,0,0,0,36,0,0,0,3,0,0,76,"2015-06-16",439,"2015-06-13",2015,6
471,196,4,3,14,6,0,0,1,1,0,1,0,0,0,1,60,0,3,0,2,0,0,92,"2015-07-15",440,"2015-07-18",2015,7
472,196,4,4,16,8,0,0,2,0,0,0,0,0,0,0,47,0,0,0,1,0,0,78,"2015-08-14",441,"2015-08-22",2015,8
473,196,4,2,17,4,0,0,3,3,0,0,0,0,0,0,29,0,0,0,0,0,0,58,"2015-09-12",442,"2015-09-12",2015,9
474,196,4,3,21,6,0,0,3,6,0,2,0,0,0,0,15,0,1,0,1,0,0,58,"2015-10-12",443,"2015-10-10",2015,10
475,196,4,2,22,10,0,0,3,7,0,1,0,0,0,0,3,0,2,0,1,0,0,51,"2015-11-11",444,"2015-11-14",2015,11
476,NA,NA,NA,NA,NA,NA,NA,NA,NA,NA,NA,NA,NA,NA,NA,NA,NA,NA,NA,NA,NA,NA,NA,"2015-12-11",NA,NA,2015,12
477,NA,NA,NA,NA,NA,NA,NA,NA,NA,NA,NA,NA,NA,NA,NA,NA,NA,NA,NA,NA,NA,NA,NA,"2016-01-09",445,"2016-01-10",2016,1
478,196,4,0,23,13,0,0,0,0,0,0,0,0,0,0,0,0,1,0,0,0,0,37,"2016-02-08",446,"2016-02-13",2016,2
479,196,4,1,17,11,0,0,0,0,0,0,0,0,0,0,4,0,3,0,0,0,0,36,"2016-03-08",447,"2016-03-19",2016,3
480,NA,NA,NA,NA,NA,NA,NA,NA,NA,NA,NA,NA,NA,NA,NA,NA,NA,NA,NA,NA,NA,NA,NA,"2016-04-07",448,"2016-04-10",2016,4
481,196,4,0,25,8,1,0,0,0,0,0,0,0,0,0,16,0,0,0,0,0,0,50,"2016-05-06",449,"2016-05-07",2016,5
482,196,4,0,17,10,1,0,0,0,0,1,0,0,0,0,8,0,0,0,1,0,0,38,"2016-06-04",450,"2016-06-04",2016,6
483,196,4,0,17,7,1,0,1,0,0,0,0,0,0,0,17,0,0,0,1,0,0,44,"2016-07-04",451,"2016-07-02",2016,7
484,196,4,0,13,6,1,0,1,0,0,0,0,0,0,0,19,0,0,0,0,0,0,40,"2016-08-02",452,"2016-08-06",2016,8
485,196,4,0,13,5,0,0,1,1,0,0,0,0,0,0,13,0,0,0,0,0,0,33,"2016-09-01",453,"2016-09-03",2016,9
486,196,4,0,12,3,1,0,0,1,0,1,0,0,0,0,6,0,0,0,0,0,0,24,"2016-09-30",454,"2016-10-01",2016,9
487,196,4,0,14,5,1,0,1,2,0,0,0,0,0,0,2,0,0,0,0,0,0,25,"2016-10-30",455,"2016-11-05",2016,10
488,NA,NA,NA,NA,NA,NA,NA,NA,NA,NA,NA,NA,NA,NA,NA,NA,NA,NA,NA,NA,NA,NA,NA,"2016-11-29",456,"2016-12-04",2016,11
489,NA,NA,NA,NA,NA,NA,NA,NA,NA,NA,NA,NA,NA,NA,NA,NA,NA,NA,NA,NA,NA,NA,NA,"2016-12-28",457,"2017-01-07",2016,12
490,196,4,0,20,7,1,0,0,3,0,0,0,0,0,1,0,0,1,0,0,1,0,34,"2017-01-27",458,"2017-01-28",2017,1
491,196,4,0,21,7,1,0,0,0,0,0,0,0,0,0,0,0,5,1,0,0,0,35,"2017-02-26",459,"2017-02-25",2017,2
492,196,4,0,12,8,0,0,0,2,0,0,0,0,0,0,10,0,0,1,0,0,0,33,"2017-03-27",460,"2017-03-28",2017,3
493,196,4,0,18,5,0,0,0,3,0,0,0,0,0,0,3,0,1,0,0,1,0,31,"2017-04-26",461,"2017-04-29",2017,4
494,196,4,0,17,10,0,0,0,3,0,1,0,0,1,0,14,0,0,1,0,0,0,47,"2017-05-25",462,"2017-05-27",2017,5
495,196,4,0,11,5,1,1,0,1,0,0,0,0,0,0,18,0,0,0,0,0,0,37,"2017-06-24",463,"2017-06-24",2017,6
496,NA,NA,NA,NA,NA,NA,NA,NA,NA,NA,NA,NA,NA,NA,NA,NA,NA,NA,NA,NA,NA,NA,NA,"2017-07-23",464,"2017-07-22",2017,7
497,196,4,0,10,3,0,0,0,5,0,0,0,0,0,0,28,0,0,0,0,0,0,46,"2017-08-21",465,"2017-08-19",2017,8
498,196,4,0,11,4,0,0,0,5,0,0,0,0,0,0,46,0,0,0,0,0,0,66,"2017-09-20",466,"2017-09-14",2017,9
499,196,4,0,11,0,1,0,0,4,0,1,0,0,0,0,15,0,0,0,0,0,0,32,"2017-10-19",467,"2017-10-21",2017,10
500,196,4,0,13,1,1,0,0,5,0,1,0,0,0,0,7,0,0,0,0,0,0,28,"2017-11-18",468,"2017-11-18",2017,11
501,NA,NA,NA,NA,NA,NA,NA,NA,NA,NA,NA,NA,NA,NA,NA,NA,NA,NA,NA,NA,NA,NA,NA,"2017-12-18",469,"2017-12-16",2017,12
502,NA,NA,NA,NA,NA,NA,NA,NA,NA,NA,NA,NA,NA,NA,NA,NA,NA,NA,NA,NA,NA,NA,NA,"2018-01-17",470,"2018-01-20",2018,1
503,NA,NA,NA,NA,NA,NA,NA,NA,NA,NA,NA,NA,NA,NA,NA,NA,NA,NA,NA,NA,NA,NA,NA,"2018-02-15",471,"2018-02-17",2018,2
504,196,4,0,14,0,1,0,0,3,0,2,0,0,0,0,4,0,0,0,0,0,0,24,"2018-03-16",472,"2018-03-24",2018,3
505,196,4,0,15,1,1,0,0,2,0,0,0,0,0,0,8,0,0,0,0,0,0,27,"2018-04-15",473,"2018-04-14",2018,4
506,196,4,0,8,1,1,0,0,2,0,0,0,0,0,0,18,0,0,0,0,0,0,30,"2018-05-14",474,"2018-05-19",2018,5
507,196,4,0,9,1,1,0,0,4,0,0,0,0,0,0,15,0,0,0,0,0,0,30,"2018-06-13",475,"2018-06-09",2018,6
508,196,4,0,11,0,1,0,0,4,0,1,0,0,0,0,11,0,0,0,0,0,0,28,"2018-07-12",476,"2018-07-14",2018,7
509,196,4,0,7,1,0,0,0,2,0,0,0,0,0,0,9,0,0,0,0,0,0,19,"2018-08-11",477,"2018-08-12",2018,8
510,196,4,0,8,1,1,0,0,3,0,0,0,0,0,0,7,0,0,0,0,0,0,20,"2018-09-09",478,"2018-09-04",2018,9
511,196,4,0,8,1,0,0,0,2,0,0,0,0,0,0,5,0,0,0,0,0,0,16,"2018-10-09",479,"2018-10-06",2018,10
512,196,4,0,9,0,0,0,1,1,0,0,0,0,0,0,1,0,0,0,0,0,0,12,"2018-11-07",480,"2018-11-10",2018,11
513,NA,NA,NA,NA,NA,NA,NA,NA,NA,NA,NA,NA,NA,NA,NA,NA,NA,NA,NA,NA,NA,NA,NA,"2018-12-07",481,"2018-12-08",2018,12
514,NA,NA,NA,NA,NA,NA,NA,NA,NA,NA,NA,NA,NA,NA,NA,NA,NA,NA,NA,NA,NA,NA,NA,"2019-01-05",NA,NA,2019,1
515,NA,NA,NA,NA,NA,NA,NA,NA,NA,NA,NA,NA,NA,NA,NA,NA,NA,NA,NA,NA,NA,NA,NA,"2019-02-04",482,"2019-02-02",2019,2
516,196,4,0,14,0,0,0,0,1,0,0,0,0,0,0,1,0,0,0,0,0,0,16,"2019-03-06",483,"2019-03-01",2019,3
517,196,4,0,10,0,0,0,0,3,0,0,0,0,0,0,5,0,0,0,0,0,0,18,"2019-04-04",484,"2019-04-02",2019,4
518,196,4,0,12,0,0,0,0,2,0,0,0,0,0,0,5,0,0,0,0,0,0,19,"2019-05-04",485,"2019-05-04",2019,5
519,196,4,0,8,1,0,0,0,0,0,0,0,0,0,0,7,0,0,0,0,0,0,16,"2019-06-02",486,"2019-06-08",2019,6
520,196,4,0,8,0,0,0,0,2,0,0,0,0,0,0,13,0,0,0,0,0,0,23,"2019-07-02",487,"2019-07-06",2019,7
521,196,4,0,2,0,0,0,0,1,0,0,0,0,0,0,15,0,0,0,0,0,0,18,"2019-07-31",488,"2019-08-03",2019,7
522,196,4,0,4,0,0,0,0,3,0,0,0,0,0,0,17,0,0,0,0,0,0,24,"2019-08-30",489,"2019-09-04",2019,8
523,196,4,0,7,0,0,0,0,5,0,1,0,0,0,0,16,0,0,0,0,0,0,29,"2019-09-28",490,"2019-09-28",2019,9
524,196,4,0,9,1,0,0,0,4,1,0,0,0,0,0,6,0,0,0,0,0,0,21,"2019-10-28",491,"2019-10-26",2019,10
525,196,4,0,10,0,0,0,0,3,0,0,0,0,0,0,2,0,0,0,0,0,0,15,"2019-11-26",492,"2019-11-24",2019,11
526,196,4,0,13,0,0,0,0,2,0,0,0,0,0,0,0,0,0,0,0,0,0,15,"2019-12-26",493,"2019-12-21",2019,12
527,196,4,0,24,0,0,0,0,6,0,2,0,0,0,0,0,0,0,0,0,0,0,32,"2020-01-24",494,"2020-01-25",2020,1
